<?xml version="1.0" encoding="UTF-8"?>

<beans xmlns="http://www.springframework.org/schema/beans"
	xmlns:xsi="http://www.w3.org/2001/XMLSchema-instance"
	xmlns:util="http://www.springframework.org/schema/util"
	xsi:schemaLocation="http://www.springframework.org/schema/beans http://www.springframework.org/schema/beans/spring-beans-3.0.xsd
           http://www.springframework.org/schema/util http://www.springframework.org/schema/util/spring-util-3.0.xsd">

    <bean id = "defaultDataSource" class = "org.apache.commons.dbcp.BasicDataSource" destroy-method = "close" scope="prototype">
          <property name = "maxActive" value = "15" />
          <property name = "initialSize" value = "5" />
          <property name = "maxWait" value = "30000" />
          <property name = "minIdle" value = "1" />
          <property name = "timeBetweenEvictionRunsMillis" value = "300000" />
          <property name = "poolPreparedStatements" value = "true" />
          <property name = "testOnBorrow" value = "false" />
          <property name = "testOnReturn" value = "false" />
          <property name = "testWhileIdle" value = "true" />
          <property name = "minEvictableIdleTimeMillis" value = "1800000" />
          <property name = "defaultTransactionIsolation">
              <util:constant static-field = "java.sql.Connection.TRANSACTION_READ_COMMITTED" />
          </property>
          <property name = "defaultAutoCommit" value = "false" />
      </bean>

      <util:properties id = "defaultHibernateProperties" scope="prototype">
          <prop key = "hibernate.query.substitutions">true 1, false 0</prop>
          <prop key = "hibernate.show_sql">true</prop>
          <prop key = "hibernate.generate_statistics">true</prop>
          <prop key = "hibernate.use_outer_join">true</prop>
          <prop key = "hibernate.max_fetch_depth">1</prop>
          <prop key = "hibernate.default_batch_fetch_size">16</prop>
          <prop key = "hibernate.query.startup_check">true</prop>
          <prop key = "hibernate.jdbc.use_get_generated_keys">true</prop>
      </util:properties>

      <bean id = "defaultXADataSource" class = "com.atomikos.jdbc.AtomikosDataSourceBean" destroy-method = "close" scope="prototype">
          <property name = "poolSize" value = "3" />
      </bean>
</beans>